{
  "project_info": {
    "project_number": "1417038668",
    "project_id": "gcs71-tetris",
    "storage_bucket": "gcs71-tetris.firebasestorage.app"
  },
  "client": [
    {
      "client_info": {
        "mobilesdk_app_id": "1:1417038668:android:e11898e24769fccf8bdde9",
        "android_client_info": {
          "package_name": "com.meitar.tetris"
        }
      },
      "oauth_client": [],
      "api_key": [
        {
          "current_key": "AIzaSyA7bPSAvpotJs-gSNvMTmwitXrjD-yed_I"
        }
      ],
      "services": {
        "appinvite_service": {
          "other_platform_oauth_client": []
        }
      }
    }
  ],
  "configuration_version": "1"
}